The Godfather,1972,9.2,100,Francis Ford Coppola,Marlon Brando,Al Pacino,James Caan,175 min,Crime,Drama,none,96
The Silence of the Lambs,1991,8.6,85,Jonathan Demme,Jodie Foster,Anthony Hopkins,Lawrence A. Bonney,118 min,Crime,Drama,Thriller,85
Star Wars: Episode V - The Empire Strikes Back,1980,8.7,82,Irvin Kershner,Mark Hamill,Harrison Ford,Carrie Fisher,124 min,Action,Adventure,Fantasy,84
The Shawshank Redemption,1994,9.3,80,Frank Darabont,Tim Robbins,Morgan Freeman,Bob Gunton,142 min,Drama,none,none,86
The Shining,1980,8.4,66,Stanley Kubrick,Jack Nicholson,Shelley Duvall,Danny Lloyd,146 min,Drama,Horror,none,75
Casablanca,1942,8.5,100,Michael Curtiz,Humphrey Bogart,Ingrid Bergman,Paul Henreid,102 min,Drama,Romance,War,92
One Flew Over the Cuckoo's Nest,1975,8.7,83,Milos Forman,Jack Nicholson,Louise Fletcher,Michael Berryman,133 min,Drama,none,none,85
Raiders of the Lost Ark,1981,8.4,85,Steven Spielberg,Harrison Ford,Karen Allen,Paul Freeman,115 min,Action,Adventure,none,84
The Lord of the Rings: The Return of the King,2003,8.9,94,Peter Jackson,Elijah Wood,Viggo Mortensen,Ian McKellen,201 min,Action,Adventure,Drama,91
Star Wars,1977,8.6,90,George Lucas,Mark Hamill,Harrison Ford,Carrie Fisher,121 min,Action,Adventure,Fantasy,88
The Dark Knight,2008,9,84,Christopher Nolan,Christian Bale,Heath Ledger,Aaron Eckhart,152 min,Action,Crime,Drama,87
The Godfather: Part II,1974,9,90,Francis Ford Coppola,Al Pacino,Robert De Niro,Robert Duvall,202 min,Crime,Drama,none,90
Aliens,1986,8.3,84,James Cameron,Sigourney Weaver,Michael Biehn,Carrie Henn,137 min,Action,Adventure,Sci-Fi,83
Schindler's List,1993,8.9,94,Steven Spielberg,Liam Neeson,Ralph Fiennes,Ben Kingsley,195 min,Biography,Drama,History,91
Inception,2010,8.8,74,Christopher Nolan,Leonardo DiCaprio,Joseph Gordon-Levitt,Ellen Page,148 min,Action,Adventure,Sci-Fi,81
The Lord of the Rings: The Fellowship of the Ring,2001,8.8,92,Peter Jackson,Elijah Wood,Ian McKellen,Orlando Bloom,178 min,Action,Adventure,Drama,90
Alien,1979,8.4,89,Ridley Scott,Sigourney Weaver,Tom Skerritt,John Hurt,117 min,Horror,Sci-Fi,none,86
Some Like It Hot,1959,8.2,98,Billy Wilder,Marilyn Monroe,Tony Curtis,Jack Lemmon,121 min,Comedy,Music,Romance,90
Blade Runner,1982,8.1,84,Ridley Scott,Harrison Ford,Rutger Hauer,Sean Young,117 min,Action,Sci-Fi,Thriller,82
Se7en,1995,8.6,65,David Fincher,Morgan Freeman,Brad Pitt,Kevin Spacey,127 min,Crime,Drama,Mystery,75
Apocalypse Now,1979,8.4,94,Francis Ford Coppola,Martin Sheen,Marlon Brando,Robert Duvall,147 min,Drama,Mystery,War,89
12 Angry Men,1957,8.9,96,Sidney Lumet,Henry Fonda,Lee J. Cobb,Martin Balsam,96 min,Crime,Drama,none,92
The Lord of the Rings: The Two Towers,2002,8.7,87,Peter Jackson,Elijah Wood,Ian McKellen,Viggo Mortensen,179 min,Action,Adventure,Drama,87
Terminator 2: Judgment Day,1991,8.5,75,James Cameron,Arnold Schwarzenegger,Linda Hamilton,Edward Furlong,137 min,Action,Sci-Fi,none,80
Star Wars: Episode VI - Return of the Jedi,1983,8.3,58,Richard Marquand,Mark Hamill,Harrison Ford,Carrie Fisher,131 min,Action,Adventure,Fantasy,70
Die Hard,1988,8.2,72,John McTiernan,Bruce Willis,Alan Rickman,Bonnie Bedelia,132 min,Action,Thriller,none,77
Gone with the Wind,1939,8.1,97,Victor Fleming,George Cukor,Sam Wood,Clark Gable,238 min,Drama,History,Romance,89
Taxi Driver,1976,8.3,94,Martin Scorsese,Robert De Niro,Jodie Foster,Cybill Shepherd,114 min,Crime,Drama,none,88
Pulp Fiction,1994,8.9,94,Quentin Tarantino,John Travolta,Uma Thurman,Samuel L. Jackson,154 min,Crime,Drama,none,91
The Bridge on the River Kwai,1957,8.1,87,David Lean,William Holden,Alec Guinness,Jack Hawkins,161 min,Adventure,Drama,War,84
The Lion King,1994,8.5,88,Roger Allers,Rob Minkoff,Matthew Broderick,Jeremy Irons,88 min,Animation,Adventure,Drama,86
North by Northwest,1959,8.3,98,Alfred Hitchcock,Cary Grant,Eva Marie Saint,James Mason,136 min,Adventure,Mystery,Thriller,90
Rear Window,1954,8.4,100,Alfred Hitchcock,James Stewart,Grace Kelly,Wendell Corey,112 min,Mystery,Thriller,none,92
Léon,1994,8.5,64,Luc Besson,Jean Reno,Gary Oldman,Natalie Portman,110 min,Action,Crime,Drama,74
Back to the Future,1985,8.5,87,Robert Zemeckis,Michael J. Fox,Christopher Lloyd,Lea Thompson,116 min,Adventure,Comedy,Sci-Fi,86
Citizen Kane,1941,8.3,100,Orson Welles,Orson Welles,Joseph Cotten,Dorothy Comingore,119 min,Drama,Mystery,none,91
Goodfellas,1990,8.7,90,Martin Scorsese,Robert De Niro,Ray Liotta,Joe Pesci,146 min,Biography,Crime,Drama,88
Memento,2000,8.4,80,Christopher Nolan,Guy Pearce,Carrie-Anne Moss,Joe Pantoliano,113 min,Mystery,Thriller,none,82
American Beauty,1999,8.3,84,Sam Mendes,Kevin Spacey,Annette Bening,Thora Birch,122 min,Drama,none,none,83
As Good as It Gets,1997,7.7,67,James L. Brooks,Jack Nicholson,Helen Hunt,Greg Kinnear,139 min,Comedy,Drama,Romance,72
Forrest Gump,1994,8.8,82,Robert Zemeckis,Tom Hanks,Robin Wright,Gary Sinise,142 min,Drama,Romance,none,85
Singin' in the Rain,1952,8.3,99,Stanley Donen,Gene Kelly,Gene Kelly,Donald O'Connor,103 min,Comedy,Musical,Romance,91
Braveheart,1995,8.3,68,Mel Gibson,Mel Gibson,Sophie Marceau,Patrick McGoohan,178 min,Biography,Drama,History,75
Saving Private Ryan,1998,8.6,91,Steven Spielberg,Tom Hanks,Matt Damon,Tom Sizemore,169 min,Drama,War,none,88
Rain Man,1988,8,65,Barry Levinson,Dustin Hoffman,Tom Cruise,Valeria Golino,133 min,Drama,none,none,72
The King's Speech,2010,8,88,Tom Hooper,Colin Firth,Geoffrey Rush,Helena Bonham Carter,118 min,Biography,Drama,History,84
2001: A Space Odyssey,1968,8.3,84,Stanley Kubrick,Keir Dullea,Gary Lockwood,William Sylvester,149 min,Adventure,Sci-Fi,none,83
Kill Bill: Vol. 1,2003,8.1,69,Quentin Tarantino,Uma Thurman,David Carradine,Daryl Hannah,111 min,Action,Crime,Thriller,75
Avanti!,1972,7.2,72,Billy Wilder,Jack Lemmon,Juliet Mills,Clive Revill,144 min,Comedy,Romance,none,72
Il buono- il brutto- il cattivo,1966,8.8,90,Sergio Leone,Clint Eastwood,Eli Wallach,Lee Van Cleef,161 min,Western,none,none,89
Amélie,2001,8.3,69,Jean-Pierre Jeunet,Audrey Tautou,Mathieu Kassovitz,Rufus,122 min,Comedy,Romance,none,76
Modern Times,1936,8.5,96,Charles Chaplin,Charles Chaplin,Paulette Goddard,Henry Bergman,87 min,Comedy,Drama,Family,90
Lost in Translation,2003,7.7,89,Sofia Coppola,Bill Murray,Scarlett Johansson,Giovanni Ribisi,102 min,Comedy,Drama,none,83
Full Metal Jacket,1987,8.3,76,Stanley Kubrick,Matthew Modine,R. Lee Ermey,Vincent D'Onofrio,116 min,Drama,War,none,79
Requiem for a Dream,2000,8.3,68,Darren Aronofsky,Ellen Burstyn,Jared Leto,Jennifer Connelly,102 min,Drama,none,none,75
Fight Club,1999,8.8,66,David Fincher,Brad Pitt,Edward Norton,Meat Loaf,139 min,Drama,none,none,77
No Country for Old Men,2007,8.1,91,Ethan Coen,Joel Coen,Tommy Lee Jones,Javier Bardem,122 min,Crime,Drama,Thriller,86
Django Unchained,2012,8.4,81,Quentin Tarantino,Jamie Foxx,Christoph Waltz,Leonardo DiCaprio,165 min,Drama,Western,none,82
Children of Men,2006,7.9,84,Alfonso Cuarón,Julianne Moore,Clive Owen,Chiwetel Ejiofor,109 min,Adventure,Drama,Sci-Fi,81
Ratatouille,2007,8,96,Brad Bird,Jan Pinkava,Brad Garrett,Lou Romano,111 min,Animation,Adventure,Comedy,88
The Lives of Others,2006,8.4,89,Florian Henckel von Donnersmarck,Ulrich Mühe,Martina Gedeck,Sebastian Koch,137 min,Drama,Mystery,Thriller,86
The Prestige,2006,8.5,66,Christopher Nolan,Christian Bale,Hugh Jackman,Scarlett Johansson,130 min,Drama,Mystery,Sci-Fi,75
V for Vendetta,2005,8.2,62,James McTeigue,Hugo Weaving,Natalie Portman,Rupert Graves,132 min,Action,Drama,Sci-Fi,72
Chinatown,1974,8.1,92,Roman Polanski,Jack Nicholson,Faye Dunaway,John Huston,130 min,Drama,Mystery,Thriller,86
Cidade de Deus,2002,8.6,79,Fernando Meirelles,Kátia Lund,Alexandre Rodrigues,Leandro Firmino,130 min,Crime,Drama,none,82
To Have and Have Not,1944,7.8,78,Howard Hawks,Humphrey Bogart,Lauren Bacall,Walter Brennan,100 min,Adventure,Comedy,Film-Noir,78
Fargo,1996,8.1,85,Joel Coen,Ethan Coen,William H. Macy,Frances McDormand,98 min,Crime,Drama,Thriller,83
Life of Pi,2012,7.9,79,Ang Lee,Suraj Sharma,Irrfan Khan,Adil Hussain,127 min,Adventure,Drama,Fantasy,79
Slumdog Millionaire,2008,8,84,Danny Boyle,Loveleen Tandan,Dev Patel,Freida Pinto,120 min,Drama,Romance,none,82
Vertigo,1958,8.3,100,Alfred Hitchcock,James Stewart,Kim Novak,Barbara Bel Geddes,128 min,Mystery,Romance,Thriller,91
Trainspotting,1996,8.1,83,Danny Boyle,Ewan McGregor,Ewen Bremner,Jonny Lee Miller,93 min,Drama,none,none,82
Interstellar,2014,8.6,74,Christopher Nolan,Matthew McConaughey,Anne Hathaway,Jessica Chastain,169 min,Adventure,Drama,Sci-Fi,80
The Thing,1982,8.1,57,John Carpenter,Kurt Russell,Wilford Brimley,Keith David,109 min,Horror,Mystery,Sci-Fi,69
The Third Man,1949,8.1,97,Carol Reed,Orson Welles,Joseph Cotten,Alida Valli,104 min,Film-Noir,Mystery,Thriller,89
Twelve Monkeys,1995,8,74,Terry Gilliam,Bruce Willis,Madeleine Stowe,Brad Pitt,129 min,Mystery,Sci-Fi,Thriller,77
La vita è bella,1997,8.6,59,Roberto Benigni,Roberto Benigni,Nicoletta Braschi,Giorgio Cantarini,116 min,Comedy,Drama,Romance,72
The Pianist,2002,8.5,85,Roman Polanski,Adrien Brody,Thomas Kretschmann,Frank Finlay,150 min,Biography,Drama,Music,85
Magnolia,1999,8,77,Paul Thomas Anderson,Tom Cruise,Jason Robards,Julianne Moore,188 min,Drama,none,none,78
The Dark Knight Rises,2012,8.4,78,Christopher Nolan,Christian Bale,Tom Hardy,Anne Hathaway,164 min,Action,Adventure,none,81
Star Wars: Episode VII - The Force Awakens,2015,7.9,80,J.J. Abrams,Daisy Ridley,John Boyega,Oscar Isaac,138 min,Action,Adventure,Sci-Fi,79
The Hobbit: The Desolation of Smaug,2013,7.8,66,Peter Jackson,Ian McKellen,Martin Freeman,Richard Armitage,161 min,Adventure,Fantasy,none,72
Mad Max: Fury Road,2015,8.1,90,George Miller,Tom Hardy,Charlize Theron,Nicholas Hoult,120 min,Action,Adventure,Sci-Fi,85
12 Years a Slave,2013,8.1,96,Steve McQueen,Chiwetel Ejiofor,Michael Kenneth Williams,Michael Fassbender,134 min,Biography,Drama,History,88
Indiana Jones and the Last Crusade,1989,8.2,65,Steven Spielberg,Harrison Ford,Sean Connery,Alison Doody,127 min,Action,Adventure,none,73
O Brother- Where Art Thou?,2000,7.7,69,Joel Coen,Ethan Coen,George Clooney,John Turturro,107 min,Adventure,Comedy,Crime,73
Inglourious Basterds,2009,8.3,69,Quentin Tarantino,Brad Pitt,Diane Kruger,Eli Roth,153 min,Adventure,Drama,War,76
The Departed,2006,8.5,85,Martin Scorsese,Leonardo DiCaprio,Matt Damon,Jack Nicholson,151 min,Crime,Drama,Thriller,85
A Beautiful Mind,2001,8.2,72,Ron Howard,Russell Crowe,Ed Harris,Jennifer Connelly,135 min,Biography,Drama,none,77
District 9,2009,7.9,81,Neill Blomkamp,Sharlto Copley,David James,Jason Cope,112 min,Action,Sci-Fi,Thriller,80
The Piano,1993,7.6,89,Jane Campion,Holly Hunter,Harvey Keitel,Sam Neill,121 min,Drama,Music,Romance,82
Mystic River,2003,7.9,84,Clint Eastwood,Sean Penn,Tim Robbins,Kevin Bacon,138 min,Crime,Drama,Mystery,81
The Insider,1999,7.8,84,Michael Mann,Russell Crowe,Al Pacino,Christopher Plummer,157 min,Biography,Drama,Thriller,81
L.A. Confidential,1997,8.2,90,Curtis Hanson,Kevin Spacey,Russell Crowe,Guy Pearce,138 min,Crime,Drama,Mystery,86
Heat,1995,8.2,76,Michael Mann,Al Pacino,Robert De Niro,Val Kilmer,170 min,Crime,Drama,Thriller,79
The Usual Suspects,1995,8.5,77,Bryan Singer,Kevin Spacey,Gabriel Byrne,Chazz Palminteri,106 min,Crime,Mystery,Thriller,81
Cool Hand Luke,1967,8.1,92,Stuart Rosenberg,Paul Newman,George Kennedy,Strother Martin,127 min,Crime,Drama,none,86
Eternal Sunshine of the Spotless Mind,2004,8.3,89,Michel Gondry,Jim Carrey,Kate Winslet,Tom Wilkinson,108 min,Drama,Romance,Sci-Fi,86
City Lights,1931,8.5,99,Charles Chaplin,Charles Chaplin,Virginia Cherrill,Florence Lee,87 min,Comedy,Drama,Romance,92
The Matrix,1999,8.7,73,Lana Wachowski,Lilly Wachowski,Keanu Reeves,Laurence Fishburne,136 min,Action,Sci-Fi,none,80
Sin City,2005,8,74,Frank Miller,Quentin Tarantino,Robert Rodriguez,Mickey Rourke,124 min,Crime,Thriller,none,77
Misery,1990,7.8,75,Rob Reiner,James Caan,Kathy Bates,Richard Farnsworth,107 min,Drama,Thriller,none,76
What's Eating Gilbert Grape,1993,7.8,73,Lasse Hallström,Johnny Depp,Leonardo DiCaprio,Juliette Lewis,118 min,Drama,none,none,75
Monty Python and the Holy Grail,1975,8.2,91,Terry Gilliam,Terry Jones,Graham Chapman,John Cleese,91 min,Adventure,Comedy,Fantasy,86
The Deer Hunter,1978,8.1,86,Michael Cimino,Robert De Niro,Christopher Walken,John Cazale,183 min,Drama,War,none,83
Scarface,1983,8.3,65,Brian De Palma,Al Pacino,Michelle Pfeiffer,Steven Bauer,170 min,Crime,Drama,none,74
A Clockwork Orange,1971,8.3,77,Stanley Kubrick,Malcolm McDowell,Patrick Magee,Michael Bates,136 min,Crime,Drama,Sci-Fi,80
The Elephant Man,1980,8.1,78,David Lynch,Anthony Hopkins,John Hurt,Anne Bancroft,124 min,Biography,Drama,none,79
Papillon,1973,8,58,Franklin J. Schaffner,Steve McQueen,Dustin Hoffman,Victor Jory,151 min,Biography,Crime,Drama,69
Lawrence of Arabia,1962,8.3,100,David Lean,Peter O'Toole,Alec Guinness,Anthony Quinn,228 min,Adventure,Biography,Drama,91
East of Eden,1955,7.9,72,Elia Kazan,James Dean,Raymond Massey,Julie Harris,118 min,Drama,none,none,75
Hotel Rwanda,2004,8.1,79,Terry George,Don Cheadle,Sophie Okonedo,Joaquin Phoenix,121 min,Biography,Drama,History,80
Dances with Wolves,1990,8,72,Kevin Costner,Kevin Costner,Mary McDonnell,Graham Greene,181 min,Adventure,Drama,Western,76
Pirates of the Caribbean: The Curse of the Black Pearl,2003,8,63,Gore Verbinski,Johnny Depp,Geoffrey Rush,Orlando Bloom,143 min,Action,Adventure,Fantasy,71
Batman Begins,2005,8.2,70,Christopher Nolan,Christian Bale,Michael Caine,Ken Watanabe,140 min,Action,Adventure,none,76
Skyfall,2012,7.7,81,Sam Mendes,Daniel Craig,Javier Bardem,Naomie Harris,143 min,Action,Adventure,Thriller,79
The Treasure of the Sierra Madre,1948,8.2,98,John Huston,Humphrey Bogart,Walter Huston,Tim Holt,126 min,Adventure,Drama,Western,90
The Untouchables,1987,7.9,79,Brian De Palma,Kevin Costner,Sean Connery,Robert De Niro,119 min,Crime,Drama,Thriller,79
The Truman Show,1998,8.1,90,Peter Weir,Jim Carrey,Ed Harris,Laura Linney,103 min,Comedy,Drama,Sci-Fi,85
Reservoir Dogs,1992,8.3,79,Quentin Tarantino,Harvey Keitel,Tim Roth,Michael Madsen,99 min,Crime,Drama,Thriller,81
The Apartment,1960,8.3,94,Billy Wilder,Jack Lemmon,Shirley MacLaine,Fred MacMurray,125 min,Comedy,Drama,Romance,88
The Big Sleep,1946,7.9,79,Howard Hawks,Humphrey Bogart,Lauren Bacall,John Ridgely,114 min,Crime,Film-Noir,Mystery,79
Amour,2012,7.9,94,Michael Haneke,Jean-Louis Trintignant,Emmanuelle Riva,Isabelle Huppert,127 min,Drama,Romance,none,86
Mielensäpahoittaja,2014,6.8,68,Dome Karukoski,Antti Litja,Petra Frey,Mari Perankoski,102 min,Comedy,Drama,none,68
Ben-Hur,1959,8.1,90,William Wyler,Charlton Heston,Jack Hawkins,Stephen Boyd,212 min,Adventure,Drama,History,85
Happiness,1998,7.7,81,Todd Solondz,Jane Adams,Jon Lovitz,Philip Seymour Hoffman,134 min,Comedy,Drama,none,79
8½,1963,8,80,Federico Fellini,Marcello Mastroianni,Anouk Aimée,Claudia Cardinale,138 min,Drama,none,none,80
Thelma & Louise,1991,7.5,88,Ridley Scott,Susan Sarandon,Geena Davis,Harvey Keitel,130 min,Adventure,Crime,Drama,81
Der Untergang,2004,8.2,82,Oliver Hirschbiegel,Bruno Ganz,Alexandra Maria Lara,Ulrich Matthes,156 min,Biography,Drama,History,82
Rocky,1976,8.1,70,John G. Avildsen,Sylvester Stallone,Talia Shire,Burt Young,120 min,Drama,Sport,none,75
Gran Torino,2008,8.1,72,Clint Eastwood,Clint Eastwood,Bee Vang,Christopher Carley,116 min,Drama,none,none,76
Strangers on a Train,1951,7.9,88,Alfred Hitchcock,Farley Granger,Robert Walker,Ruth Roman,101 min,Crime,Film-Noir,Thriller,83
Who's Afraid of Virginia Woolf?,1966,8,75,Mike Nichols,Elizabeth Taylor,Richard Burton,George Segal,131 min,Drama,none,none,77
The Exorcist,1973,8,81,William Friedkin,Ellen Burstyn,Max von Sydow,Linda Blair,122 min,Horror,none,none,80
The Terminator,1984,8,84,James Cameron,Arnold Schwarzenegger,Linda Hamilton,Michael Biehn,107 min,Action,Sci-Fi,none,82
The Hobbit: An Unexpected Journey,2012,7.8,58,Peter Jackson,Martin Freeman,Ian McKellen,Richard Armitage,169 min,Adventure,Fantasy,none,68
Kill Bill: Vol. 2,2004,8,83,Quentin Tarantino,Uma Thurman,David Carradine,Michael Madsen,137 min,Action,Crime,Thriller,81
Gladiator,2000,8.5,67,Ridley Scott,Russell Crowe,Joaquin Phoenix,Connie Nielsen,155 min,Action,Adventure,Drama,76
Traffic,2000,7.6,86,Steven Soderbergh,Michael Douglas,Benicio Del Toro,Catherine Zeta-Jones,147 min,Crime,Drama,Thriller,81
Zodiac,2007,7.7,78,David Fincher,Jake Gyllenhaal,Robert Downey Jr.,Mark Ruffalo,157 min,Crime,Drama,Mystery,77
The Green Mile,1999,8.6,61,Frank Darabont,Tom Hanks,Michael Clarke Duncan,David Morse,189 min,Crime,Drama,Fantasy,73
Avatar,2009,7.8,83,James Cameron,Sam Worthington,Zoe Saldana,Sigourney Weaver,162 min,Action,Adventure,Fantasy,80
Halloween,1978,7.8,87,John Carpenter,Donald Pleasence,Jamie Lee Curtis,Tony Moran,91 min,Horror,Thriller,none,82
Casino,1995,8.2,73,Martin Scorsese,Robert De Niro,Sharon Stone,Joe Pesci,178 min,Crime,Drama,none,77
Jaws,1975,8,87,Steven Spielberg,Roy Scheider,Robert Shaw,Richard Dreyfuss,124 min,Adventure,Thriller,none,83
Once Upon a Time in the West,1968,8.5,80,Sergio Leone,Henry Fonda,Charles Bronson,Claudia Cardinale,165 min,Western,none,none,82
Notorious,1946,7.9,100,Alfred Hitchcock,Cary Grant,Ingrid Bergman,Claude Rains,102 min,Drama,Film-Noir,Romance,89
The Great Escape,1963,8.2,86,John Sturges,Steve McQueen,James Garner,Richard Attenborough,172 min,Adventure,Drama,History,84
The Nightmare Before Christmas,1993,8,82,Henry Selick,Danny Elfman,Chris Sarandon,Catherine O'Hara,76 min,Animation,Family,Fantasy,81
Goldfinger,1964,7.7,87,Guy Hamilton,Sean Connery,Gert Fröbe,Honor Blackman,110 min,Action,Adventure,Thriller,82
Death Proof,2007,7,70,Quentin Tarantino,Kurt Russell,Zoë Bell,Rosario Dawson,127 min,Action,Adventure,Thriller,70
Argo,2012,7.7,86,Ben Affleck,Ben Affleck,Bryan Cranston,John Goodman,120 min,Biography,Drama,Thriller,81
Milk,2008,7.5,84,Gus Van Sant,Sean Penn,Josh Brolin,Emile Hirsch,128 min,Biography,Drama,none,79
Being John Malkovich,1999,7.7,90,Spike Jonze,John Cusack,Cameron Diaz,Catherine Keener,113 min,Comedy,Drama,Fantasy,83
Black Swan,2010,8,79,Darren Aronofsky,Natalie Portman,Mila Kunis,Vincent Cassel,108 min,Drama,Thriller,none,79
The Others,2001,7.6,74,Alejandro Amenábar,Nicole Kidman,Christopher Eccleston,Fionnula Flanagan,101 min,Horror,Mystery,Thriller,75
Brokeback Mountain,2005,7.7,87,Ang Lee,Jake Gyllenhaal,Heath Ledger,Michelle Williams,134 min,Drama,Romance,none,82
Collateral,2004,7.5,71,Michael Mann,Tom Cruise,Jamie Foxx,Jada Pinkett Smith,120 min,Crime,Drama,Thriller,73
Jackie Brown,1997,7.5,64,Quentin Tarantino,Pam Grier,Samuel L. Jackson,Robert Forster,154 min,Crime,Drama,Thriller,69
Casino Royale,2006,8,80,Martin Campbell,Daniel Craig,Eva Green,Judi Dench,144 min,Action,Adventure,Thriller,80
Platoon,1986,8.1,92,Oliver Stone,Charlie Sheen,Tom Berenger,Willem Dafoe,120 min,Drama,War,none,86
The Thin Red Line,1998,7.6,78,Terrence Malick,Jim Caviezel,Sean Penn,Nick Nolte,170 min,Drama,War,none,77
The Hunger Games: Catching Fire,2013,7.5,76,Francis Lawrence,Jennifer Lawrence,Josh Hutcherson,Liam Hemsworth,146 min,Action,Adventure,Mystery,75
The Godfather: Part III,1990,7.6,60,Francis Ford Coppola,Al Pacino,Diane Keaton,Andy Garcia,162 min,Crime,Drama,none,68
American History X,1998,8.5,62,Tony Kaye,Edward Norton,Edward Furlong,Beverly D'Angelo,119 min,Drama,none,none,73
Dead Poets Society,1989,8.1,79,Peter Weir,Robin Williams,Robert Sean Leonard,Ethan Hawke,128 min,Comedy,Drama,none,80
The Visitor,2007,7.6,79,Tom McCarthy,Richard Jenkins,Haaz Sleiman,Danai Gurira,104 min,Drama,none,none,77
Hable con ella,2002,7.9,86,Pedro Almodóvar,Rosario Flores,Javier Cámara,Darío Grandinetti,112 min,Drama,Mystery,Romance,82
Män som hatar kvinnor,2009,7.8,76,Niels Arden Oplev,Michael Nyqvist,Noomi Rapace,Ewa Fröling,152 min,Crime,Drama,Mystery,77
Das Boot,1981,8.3,86,Wolfgang Petersen,Jürgen Prochnow,Herbert Grönemeyer,Klaus Wennemann,149 min,Adventure,Drama,Thriller,84
Sideways,2004,7.5,94,Alexander Payne,Paul Giamatti,Thomas Haden Church,Virginia Madsen,127 min,Comedy,Drama,Romance,84
Scent of a Woman,1992,8,59,Martin Brest,Al Pacino,Chris O'Donnell,James Rebhorn,156 min,Drama,none,none,69
Deliverance,1972,7.7,80,John Boorman,Jon Voight,Burt Reynolds,Ned Beatty,109 min,Adventure,Drama,Thriller,78
Taken,2008,7.8,51,Pierre Morel,Liam Neeson,Maggie Grace,Famke Janssen,90 min,Action,Thriller,none,64
Back to the Future Part II,1989,7.8,57,Robert Zemeckis,Michael J. Fox,Christopher Lloyd,Lea Thompson,108 min,Adventure,Comedy,Sci-Fi,67
The Incredible Shrinking Man,1957,7.6,73,Jack Arnold,Grant Williams,Randy Stuart,April Kent,81 min,Horror,Sci-Fi,none,74
The Fugitive,1993,7.8,87,Andrew Davis,Harrison Ford,Tommy Lee Jones,Sela Ward,130 min,Action,Crime,Drama,82
Shutter Island,2010,8.2,63,Martin Scorsese,Leonardo DiCaprio,Emily Mortimer,Mark Ruffalo,138 min,Mystery,Thriller,none,72
The Big Lebowski,1998,8.1,71,Joel Coen,Ethan Coen,Jeff Bridges,John Goodman,117 min,Comedy,Crime,Sport,76
Ultimo tango a Parigi,1972,7,77,Bernardo Bertolucci,Marlon Brando,Maria Schneider,Maria Michi,129 min,Drama,Romance,none,73
The Talented Mr. Ripley,1999,7.4,76,Anthony Minghella,Matt Damon,Gwyneth Paltrow,Jude Law,139 min,Crime,Drama,Thriller,75
First Blood,1982,7.7,61,Ted Kotcheff,Sylvester Stallone,Brian Dennehy,Richard Crenna,93 min,Action,Adventure,none,69
The Ghost Writer,2010,7.2,77,Roman Polanski,Ewan McGregor,Pierce Brosnan,Olivia Williams,128 min,Drama,Mystery,Thriller,74
Million Dollar Baby,2004,8.1,86,Clint Eastwood,Hilary Swank,Clint Eastwood,Morgan Freeman,132 min,Drama,Sport,none,83
The Man Who Wasn't There,2001,7.5,73,Joel Coen,Ethan Coen,Billy Bob Thornton,Frances McDormand,116 min,Crime,Drama,none,74
The Wrestler,2008,7.9,80,Darren Aronofsky,Mickey Rourke,Marisa Tomei,Evan Rachel Wood,109 min,Drama,Sport,none,79
Harry Brown,2009,7.2,55,Daniel Barber,Michael Caine,Emily Mortimer,David Bradley,103 min,Action,Crime,Drama,63
The Bourne Identity,2002,7.9,68,Doug Liman,Franka Potente,Matt Damon,Chris Cooper,119 min,Action,Mystery,Thriller,73
La cage aux folles,1978,7.3,73,Édouard Molinaro,Ugo Tognazzi,Michel Serrault,Claire Maurier,97 min,Comedy,none,none,73
There Will Be Blood,2007,8.2,93,Paul Thomas Anderson,Daniel Day-Lewis,Paul Dano,Ciarán Hinds,158 min,Drama,none,none,87
Billy Elliot,2000,7.7,74,Stephen Daldry,Jamie Bell,Julie Walters,Jean Heywood,110 min,Drama,Music,none,75
Little Miss Sunshine,2006,7.8,80,Jonathan Dayton,Valerie Faris,Steve Carell,Toni Collette,101 min,Comedy,Drama,none,79
The Hobbit: The Battle of the Five Armies,2014,7.4,59,Peter Jackson,Ian McKellen,Martin Freeman,Richard Armitage,144 min,Adventure,Fantasy,none,66
The Hunger Games,2012,7.2,68,Gary Ross,Jennifer Lawrence,Josh Hutcherson,Liam Hemsworth,142 min,Action,Adventure,Sci-Fi,70
Psycho,1960,8.5,97,Alfred Hitchcock,Anthony Perkins,Janet Leigh,Vera Miles,109 min,Horror,Mystery,Thriller,91
E.T. the Extra-Terrestrial,1982,7.8,91,Steven Spielberg,Henry Thomas,Drew Barrymore,Peter Coyote,115 min,Family,Sci-Fi,none,84
Kramer vs. Kramer,1979,7.8,77,Robert Benton,Dustin Hoffman,Meryl Streep,Jane Alexander,105 min,Drama,none,none,77
Under the Tuscan Sun,2003,6.8,52,Audrey Wells,Diane Lane,Raoul Bova,Sandra Oh,113 min,Comedy,Drama,Romance,60
Transamerica,2005,7.4,66,Duncan Tucker,Felicity Huffman,Kevin Zegers,Fionnula Flanagan,103 min,Adventure,Comedy,Drama,70
WALL·E,2008,8.4,95,Andrew Stanton,Ben Burtt,Elissa Knight,Jeff Garlin,98 min,Animation,Adventure,Family,89
Dirty Harry,1971,7.7,90,Don Siegel,Clint Eastwood,Andrew Robinson,Harry Guardino,102 min,Action,Crime,Thriller,83
Star Wars: Episode III - Revenge of the Sith,2005,7.5,68,George Lucas,Hayden Christensen,Natalie Portman,Ewan McGregor,140 min,Action,Adventure,Fantasy,71
Stand by Me,1986,8.1,75,Rob Reiner,Wil Wheaton,River Phoenix,Corey Feldman,89 min,Adventure,Drama,none,78
A Nightmare on Elm Street,1984,7.5,76,Wes Craven,Heather Langenkamp,Johnny Depp,Robert Englund,91 min,Horror,none,none,75
Finding Nemo,2003,8.1,90,Andrew Stanton,Lee Unkrich,Albert Brooks,Ellen DeGeneres,100 min,Animation,Adventure,Comedy,85
In the Mouth of Madness,1995,7.2,53,John Carpenter,Sam Neill,Jürgen Prochnow,Julie Carmen,95 min,Drama,Horror,Mystery,62
The Fifth Element,1997,7.7,52,Luc Besson,Bruce Willis,Milla Jovovich,Gary Oldman,126 min,Action,Adventure,Sci-Fi,64
The Sixth Sense,1999,8.1,64,M. Night Shyamalan,Bruce Willis,Haley Joel Osment,Toni Collette,107 min,Drama,Mystery,Thriller,72
Amores perros,2000,8.1,83,Alejandro G. Iñárritu,Emilio Echevarría,Gael García Bernal,Goya Toledo,154 min,Drama,Thriller,none,82
Jurassic Park,1993,8.1,68,Steven Spielberg,Sam Neill,Laura Dern,Jeff Goldblum,127 min,Action,Adventure,Sci-Fi,74
Carlito's Way,1993,7.9,65,Brian De Palma,Al Pacino,Sean Penn,Penelope Ann Miller,144 min,Crime,Drama,Thriller,72
Army of Darkness,1992,7.5,59,Sam Raimi,Bruce Campbell,Embeth Davidtz,Marcus Gilbert,81 min,Comedy,Fantasy,Horror,67
A Fish Called Wanda,1988,7.5,80,Charles Crichton,John Cleese,John Cleese,Jamie Lee Curtis,108 min,Comedy,Crime,none,77
Good Will Hunting,1997,8.3,70,Gus Van Sant,Robin Williams,Matt Damon,Ben Affleck,126 min,Drama,Romance,none,76
Cat on a Hot Tin Roof,1958,8,84,Richard Brooks,Elizabeth Taylor,Paul Newman,Burl Ives,108 min,Drama,none,none,82
Total Recall,1990,7.5,57,Paul Verhoeven,Arnold Schwarzenegger,Sharon Stone,Michael Ironside,113 min,Action,Sci-Fi,Thriller,66
Wo hu cang long,2000,7.8,94,Ang Lee,Yun-Fat Chow,Michelle Yeoh,Ziyi Zhang,120 min,Action,Adventure,Fantasy,86
Fucking Åmål,1998,7.5,73,Lukas Moodysson,Alexandra Dahlström,Rebecka Liljeberg,Erica Carlson,89 min,Comedy,Drama,Romance,74
21 Grams,2003,7.7,70,Alejandro G. Iñárritu,Sean Penn,Benicio Del Toro,Naomi Watts,124 min,Crime,Drama,Thriller,73
Cape Fear,1991,7.3,73,Martin Scorsese,Robert De Niro,Nick Nolte,Jessica Lange,128 min,Crime,Thriller,none,73
Inside Man,2006,7.6,76,Spike Lee,Denzel Washington,Clive Owen,Jodie Foster,129 min,Crime,Drama,Mystery,76
Sin City: A Dame to Kill For,2014,6.5,46,Frank Miller,Robert Rodriguez,Mickey Rourke,Jessica Alba,102 min,Action,Crime,Thriller,55
Groundhog Day,1993,8,72,Harold Ramis,Bill Murray,Andie MacDowell,Chris Elliott,101 min,Comedy,Fantasy,Romance,76
JFK,1991,8,72,Oliver Stone,Kevin Costner,Gary Oldman,Jack Lemmon,189 min,Drama,History,Thriller,76
Black Hawk Down,2001,7.7,74,Ridley Scott,Josh Hartnett,Ewan McGregor,Tom Sizemore,144 min,Drama,History,War,75
La mala educación,2004,7.4,81,Pedro Almodóvar,Gael García Bernal,Fele Martínez,Javier Cámara,106 min,Crime,Drama,none,77
Watchmen,2009,7.6,56,Zack Snyder,Jackie Earle Haley,Patrick Wilson,Carla Gugino,162 min,Action,Drama,Mystery,66
Hundraåringen som klev ut genom fönstret och försvann,2013,7.1,58,Felix Herngren,Robert Gustafsson,Iwar Wiklander,David Wiberg,114 min,Adventure,Comedy,none,64
Lilja 4-ever,2002,7.8,82,Lukas Moodysson,Oksana Akinshina,Artyom Bogucharskiy,Pavel Ponomaryov,109 min,Crime,Drama,none,80
Mar adentro,2004,8,74,Alejandro Amenábar,Javier Bardem,Belén Rueda,Lola Dueñas,126 min,Biography,Drama,none,77
Catch Me If You Can,2002,8.1,75,Steven Spielberg,Leonardo DiCaprio,Tom Hanks,Christopher Walken,141 min,Biography,Crime,Drama,78
Man on the Moon,1999,7.4,58,Milos Forman,Jim Carrey,Danny DeVito,Gerry Becker,118 min,Biography,Comedy,Drama,66
Alive,1993,7.1,71,Frank Marshall,Ethan Hawke,Vincent Spano,Josh Hamilton,120 min,Adventure,Biography,Drama,71
Spy Game,2001,7.1,63,Tony Scott,Robert Redford,Brad Pitt,Catherine McCormack,126 min,Action,Crime,Thriller,67
Changeling,2008,7.7,63,Clint Eastwood,Angelina Jolie,Colm Feore,Amy Ryan,141 min,Biography,Crime,Drama,70
The Reader,2008,7.6,58,Stephen Daldry,Kate Winslet,Ralph Fiennes,Bruno Ganz,124 min,Drama,Romance,none,67
Predator,1987,7.8,45,John McTiernan,Arnold Schwarzenegger,Carl Weathers,Kevin Peter Hall,107 min,Action,Adventure,Sci-Fi,61
Heist,2001,6.5,66,David Mamet,Gene Hackman,Rebecca Pidgeon,Danny DeVito,109 min,Action,Crime,Drama,65
The Bank Job,2008,7.2,69,Roger Donaldson,Jason Statham,Saffron Burrows,Stephen Campbell Moore,111 min,Crime,Thriller,none,70
Blue Velvet,1986,7.7,76,David Lynch,Isabella Rossellini,Kyle MacLachlan,Dennis Hopper,120 min,Drama,Mystery,Thriller,76
High Fidelity,2000,7.5,79,Stephen Frears,John Cusack,Iben Hjejle,Todd Louiso,113 min,Comedy,Drama,Music,77
The Curious Case of Benjamin Button,2008,7.8,70,David Fincher,Brad Pitt,Cate Blanchett,Tilda Swinton,166 min,Drama,Fantasy,Romance,74
The English Patient,1996,7.4,87,Anthony Minghella,Ralph Fiennes,Juliette Binoche,Willem Dafoe,162 min,Drama,Romance,War,80
The Wizard of Oz,1939,8,100,Victor Fleming,George Cukor,Mervyn LeRoy,Norman Taurog,102 min,Adventure,Family,Fantasy,90
The Philadelphia Story,1940,7.9,96,George Cukor,Cary Grant,Katharine Hepburn,James Stewart,112 min,Comedy,Romance,none,87
Rio Bravo,1959,8,93,Howard Hawks,John Wayne,Dean Martin,Ricky Nelson,141 min,Action,Drama,Western,86
Les choristes,2004,7.9,56,Christophe Barratier,Gérard Jugnot,François Berléand,Jean-Baptiste Maunier,97 min,Drama,Music,none,67
Lord of War,2005,7.6,62,Andrew Niccol,Nicolas Cage,Ethan Hawke,Jared Leto,122 min,Action,Crime,Drama,69
Lock- Stock and Two Smoking Barrels,1998,8.2,66,Guy Ritchie,Jason Flemyng,Dexter Fletcher,Nick Moran,107 min,Action,Comedy,Crime,74
Big Fish,2003,8,58,Tim Burton,Ewan McGregor,Albert Finney,Billy Crudup,125 min,Adventure,Drama,Fantasy,69
Braindead,1992,7.5,54,Peter Jackson,Timothy Balme,Diana Peñalver,Elizabeth Moody,104 min,Action,Comedy,Fantasy,64
The Quiet American,2002,7,84,Phillip Noyce,Michael Caine,Brendan Fraser,Thi Hai Yen Do,101 min,Drama,Romance,Thriller,77
Lost Highway,1997,7.6,52,David Lynch,Bill Pullman,Patricia Arquette,John Roselius,134 min,Mystery,Thriller,none,64
Minority Report,2002,7.6,80,Steven Spielberg,Tom Cruise,Colin Farrell,Samantha Morton,145 min,Action,Crime,Mystery,78
Eastern Promises,2007,7.6,82,David Cronenberg,Naomi Watts,Viggo Mortensen,Armin Mueller-Stahl,100 min,Action,Crime,Drama,79
Ocean's Eleven,2001,7.7,74,Steven Soderbergh,George Clooney,Brad Pitt,Julia Roberts,116 min,Crime,Thriller,none,75
Water for Elephants,2011,6.9,52,Francis Lawrence,Robert Pattinson,Reese Witherspoon,Christoph Waltz,122 min,Drama,Romance,none,60
Love Actually,2003,7.6,55,Richard Curtis,Hugh Grant,Martine McCutcheon,Liam Neeson,135 min,Comedy,Drama,Romance,65
About Schmidt,2002,7.1,85,Alexander Payne,Jack Nicholson,Hope Davis,Dermot Mulroney,125 min,Comedy,Drama,none,78
The Horse Whisperer,1998,6.6,65,Robert Redford,Robert Redford,Kristin Scott Thomas,Sam Neill,169 min,Drama,Romance,Western,65
Pan's Labyrinth,2006,8.2,98,Guillermo del Toro,Ivana Baquero,Ariadna Gil,Sergi López,118 min,Drama,Fantasy,War,90
Corpse Bride,2005,7.3,83,Tim Burton,Mike Johnson,Johnny Depp,Helena Bonham Carter,77 min,Animation,Drama,Family,78
Rosemary's Baby,1968,8,96,Roman Polanski,Mia Farrow,John Cassavetes,Ruth Gordon,137 min,Drama,Horror,none,88
The Station Agent,2003,7.6,81,Tom McCarthy,Peter Dinklage,Patricia Clarkson,Bobby Cannavale,89 min,Comedy,Drama,none,78
Monsters- Inc.,2001,8,79,Pete Docter,David Silverman,Lee Unkrich,Billy Crystal,92 min,Animation,Adventure,Comedy,79
Martyrs,2008,7.1,71,Pascal Laugier,Morjana Alaoui,Mylène Jampanoï,Catherine Bégin,99 min,Horror,none,none,71
The Sting,1973,8.3,83,George Roy Hill,Paul Newman,Robert Redford,Robert Shaw,129 min,Comedy,Crime,Drama,83
My Fair Lady,1964,7.8,95,George Cukor,Audrey Hepburn,Rex Harrison,Stanley Holloway,170 min,Drama,Family,Musical,86
The Virgin Suicides,1999,7.2,76,Sofia Coppola,Kirsten Dunst,Josh Hartnett,James Woods,97 min,Drama,Romance,none,74
Moulin Rouge!,2001,7.6,66,Baz Luhrmann,Nicole Kidman,Ewan McGregor,John Leguizamo,127 min,Drama,Musical,Romance,71
Evil Dead II,1987,7.8,72,Sam Raimi,Bruce Campbell,Sarah Berry,Dan Hicks,84 min,Action,Comedy,Fantasy,75
Biutiful,2010,7.5,58,Alejandro G. Iñárritu,Javier Bardem,Maricel Álvarez,Hanaa Bouchaib,148 min,Drama,Romance,none,66
Frozen,2013,7.4,75,Chris Buck,Jennifer Lee,Kristen Bell,Idina Menzel,102 min,Animation,Adventure,Comedy,74
Wonder Boys,2000,7.2,73,Curtis Hanson,Michael Douglas,Tobey Maguire,Frances McDormand,107 min,Comedy,Drama,none,72
Leaving Las Vegas,1995,7.5,82,Mike Figgis,Nicolas Cage,Elisabeth Shue,Julian Sands,111 min,Drama,Romance,none,78
Irréversible,2002,7.4,51,Gaspar Noé,Monica Bellucci,Vincent Cassel,Albert Dupontel,97 min,Crime,Drama,Mystery,62
Lincoln,2012,7.3,86,Steven Spielberg,Daniel Day-Lewis,Sally Field,David Strathairn,150 min,Biography,Drama,History,79
Zero Dark Thirty,2012,7.4,95,Kathryn Bigelow,Jessica Chastain,Joel Edgerton,Chris Pratt,157 min,Drama,History,Thriller,84
The Abyss,1989,7.6,62,James Cameron,Ed Harris,Mary Elizabeth Mastrantonio,Michael Biehn,171 min,Adventure,Drama,Mystery,69
Monster's Ball,2001,7,69,Marc Forster,Billy Bob Thornton,Halle Berry,Taylor Simpson,111 min,Drama,Romance,none,69
Donnie Brasco,1997,7.7,76,Mike Newell,Al Pacino,Johnny Depp,Michael Madsen,127 min,Biography,Crime,Drama,76
Perfume: The Story of a Murderer,2006,7.5,56,Tom Tykwer,Ben Whishaw,Dustin Hoffman,Alan Rickman,147 min,Crime,Drama,none,65
La piel que habito,2011,7.6,70,Pedro Almodóvar,Antonio Banderas,Elena Anaya,Jan Cornet,120 min,Drama,Horror,Thriller,73
Prisoners,2013,8.1,70,Denis Villeneuve,Hugh Jackman,Jake Gyllenhaal,Viola Davis,153 min,Crime,Drama,Mystery,75
Blood Diamond,2006,8,64,Edward Zwick,Leonardo DiCaprio,Djimon Hounsou,Jennifer Connelly,143 min,Adventure,Drama,Thriller,72
True Romance,1993,7.9,59,Tony Scott,Christian Slater,Patricia Arquette,Dennis Hopper,119 min,Crime,Drama,Romance,69
Boys Don't Cry,1999,7.5,86,Kimberly Peirce,Hilary Swank,Chloë Sevigny,Peter Sarsgaard,118 min,Biography,Crime,Drama,80
Sophie's Choice,1982,7.6,68,Alan J. Pakula,Meryl Streep,Kevin Kline,Peter MacNicol,150 min,Drama,Romance,none,72
Walk the Line,2005,7.8,72,James Mangold,Joaquin Phoenix,Reese Witherspoon,Ginnifer Goodwin,136 min,Biography,Drama,Music,75
The Machinist,2004,7.7,61,Brad Anderson,Christian Bale,Jennifer Jason Leigh,Aitana Sánchez-Gijón,101 min,Drama,Thriller,none,69
Mammoth,2009,6.8,51,Lukas Moodysson,Gael García Bernal,Michelle Williams,Marife Necesito,125 min,Drama,Romance,none,59
Carrie,1976,7.4,85,Brian De Palma,Sissy Spacek,Piper Laurie,Amy Irving,98 min,Horror,none,none,79
A.I. Artificial Intelligence,2001,7.2,65,Steven Spielberg,Haley Joel Osment,Jude Law,Frances O'Connor,146 min,Drama,Sci-Fi,none,68
Hors de prix,2006,7,72,Pierre Salvadori,Audrey Tautou,Gad Elmaleh,Marie-Christine Adam,106 min,Comedy,Romance,none,71
Les Misérables,2012,7.6,63,Tom Hooper,Hugh Jackman,Russell Crowe,Anne Hathaway,158 min,Drama,History,Musical,69
It's Complicated,2009,6.5,57,Nancy Meyers,Meryl Streep,Steve Martin,Alec Baldwin,121 min,Comedy,Drama,Romance,61
Chocolat,2000,7.2,64,Lasse Hallström,Juliette Binoche,Judi Dench,Alfred Molina,121 min,Drama,Romance,none,68
A History of Violence,2005,7.4,81,David Cronenberg,Viggo Mortensen,Maria Bello,Ed Harris,96 min,Drama,Thriller,none,77
Mulholland Dr.,2001,8,85,David Lynch,Naomi Watts,Laura Harring,Justin Theroux,147 min,Drama,Mystery,Thriller,82
Raging Bull,1980,8.2,89,Martin Scorsese,Robert De Niro,Cathy Moriarty,Joe Pesci,129 min,Biography,Drama,Sport,85
The Crow,1994,7.6,71,Alex Proyas,Brandon Lee,Michael Wincott,Rochelle Davis,102 min,Action,Drama,Fantasy,73
The Bridges of Madison County,1995,7.6,66,Clint Eastwood,Clint Eastwood,Meryl Streep,Annie Corley,135 min,Drama,Romance,none,71
Donnie Darko,2001,8,88,Richard Kelly,Jake Gyllenhaal,Jena Malone,Mary McDonnell,113 min,Drama,Mystery,Sci-Fi,84
The Cider House Rules,1999,7.4,75,Lasse Hallström,Tobey Maguire,Charlize Theron,Michael Caine,126 min,Drama,Romance,none,74
Spartacus,1960,7.9,87,Stanley Kubrick,Kirk Douglas,Laurence Olivier,Jean Simmons,197 min,Adventure,Biography,Drama,83
Lethal Weapon,1987,7.6,68,Richard Donner,Mel Gibson,Danny Glover,Gary Busey,109 min,Action,Crime,Thriller,72
Mad Max,1979,6.9,73,George Miller,Mel Gibson,Joanne Samuel,Hugh Keays-Byrne,88 min,Action,Adventure,Sci-Fi,71
The Blues Brothers,1980,7.9,60,John Landis,John Belushi,Dan Aykroyd,Cab Calloway,133 min,Action,Adventure,Comedy,69
Dancer in the Dark,2000,8,61,Lars von Trier,Björk,Catherine Deneuve,David Morse,140 min,Crime,Drama,Musical,70
Training Day,2001,7.7,69,Antoine Fuqua,Denzel Washington,Ethan Hawke,Scott Glenn,122 min,Crime,Drama,Thriller,73
Sabrina,1954,7.7,72,Billy Wilder,Humphrey Bogart,Audrey Hepburn,William Holden,113 min,Comedy,Drama,Romance,74
Dark Passage,1947,7.5,75,Delmer Daves,Humphrey Bogart,Lauren Bacall,Bruce Bennett,106 min,Film-Noir,Thriller,none,75
Marathon Man,1976,7.4,64,John Schlesinger,Dustin Hoffman,Laurence Olivier,Roy Scheider,125 min,Crime,Thriller,none,69
In the Bedroom,2001,7.4,86,Todd Field,Tom Wilkinson,Sissy Spacek,Nick Stahl,131 min,Crime,Drama,none,80
Thank You for Smoking,2005,7.6,71,Jason Reitman,Aaron Eckhart,Cameron Bright,Maria Bello,92 min,Comedy,Drama,none,73
RoboCop,1987,7.5,67,Paul Verhoeven,Peter Weller,Nancy Allen,Dan O'Herlihy,102 min,Action,Crime,Sci-Fi,71
Insomnia,2002,7.2,78,Christopher Nolan,Al Pacino,Robin Williams,Hilary Swank,118 min,Drama,Mystery,Thriller,75
Iron Man,2008,7.9,79,Jon Favreau,Robert Downey Jr.,Gwyneth Paltrow,Terrence Howard,126 min,Action,Adventure,Sci-Fi,79
Sleepy Hollow,1999,7.3,65,Tim Burton,Johnny Depp,Christina Ricci,Miranda Richardson,105 min,Fantasy,Horror,Mystery,69
Shaun of the Dead,2004,7.9,76,Edgar Wright,Simon Pegg,Nick Frost,Kate Ashfield,99 min,Comedy,Horror,none,77
They Shoot Horses- Don't They?,1969,7.9,72,Sydney Pollack,Jane Fonda,Michael Sarrazin,Susannah York,129 min,Drama,none,none,75
The Last Detail,1973,7.5,89,Hal Ashby,Jack Nicholson,Randy Quaid,Otis Young,104 min,Comedy,Drama,none,82
The Aviator,2004,7.5,77,Martin Scorsese,Leonardo DiCaprio,Cate Blanchett,Kate Beckinsale,170 min,Biography,Drama,none,76
127 Hours,2010,7.5,82,Danny Boyle,James Franco,Amber Tamblyn,Kate Mara,94 min,Biography,Drama,none,78
Dogville,2003,8,60,Lars von Trier,Nicole Kidman,Paul Bettany,Lauren Bacall,178 min,Crime,Drama,none,70
Dawn of the Dead,1978,7.9,71,George A. Romero,David Emge,Ken Foree,Scott H. Reiniger,127 min,Action,Adventure,Horror,75
El orfanato,2007,7.4,74,J.A. Bayona,Belén Rueda,Fernando Cayo,Roger Príncep,105 min,Drama,Fantasy,Horror,74
Crash,2004,7.7,66,Paul Haggis,Don Cheadle,Sandra Bullock,Thandie Newton,112 min,Crime,Drama,Thriller,71
All the President's Men,1976,8,84,Alan J. Pakula,Dustin Hoffman,Robert Redford,Jack Warden,138 min,Biography,Drama,History,82
No Man's Land,2001,7.9,84,Danis Tanovic,Branko Djuric,Rene Bitorajac,Filip Sovagovic,98 min,Comedy,Drama,War,81
An Affair to Remember,1957,7.5,75,Leo McCarey,Cary Grant,Deborah Kerr,Richard Denning,115 min,Drama,Musical,Romance,75
Out of Sight,1998,7,85,Steven Soderbergh,George Clooney,Jennifer Lopez,Ving Rhames,123 min,Comedy,Crime,Drama,77
Todo sobre mi madre,1999,7.8,87,Pedro Almodóvar,Cecilia Roth,Marisa Paredes,Candela Peña,101 min,Drama,none,none,82
The Life of David Gale,2003,7.6,31,Alan Parker,Kevin Spacey,Kate Winslet,Laura Linney,130 min,Crime,Drama,Thriller,53
Ang-ma-reul bo-at-da,2010,7.8,67,Jee-woon Kim,Byung-hun Lee,Min-sik Choi,Joon-hyuk Lee,144 min,Action,Crime,Drama,72
Diarios de motocicleta,2004,7.8,75,Walter Salles,Gael García Bernal,Rodrigo De la Serna,Mía Maestro,126 min,Adventure,Biography,Drama,76
Looper,2012,7.4,84,Rian Johnson,Joseph Gordon-Levitt,Bruce Willis,Emily Blunt,113 min,Action,Drama,Sci-Fi,79
The Caine Mutiny,1954,7.7,63,Edward Dmytryk,Humphrey Bogart,José Ferrer,Van Johnson,124 min,Drama,War,none,70
Babel,2006,7.4,69,Alejandro G. Iñárritu,Brad Pitt,Cate Blanchett,Gael García Bernal,143 min,Drama,none,none,71
GoldenEye,1995,7.2,65,Martin Campbell,Pierce Brosnan,Sean Bean,Izabella Scorupco,130 min,Action,Adventure,Thriller,68
Enemy of the State,1998,7.3,67,Tony Scott,Will Smith,Gene Hackman,Jon Voight,132 min,Action,Thriller,none,70
The Bourne Supremacy,2004,7.7,73,Paul Greengrass,Matt Damon,Franka Potente,Joan Allen,108 min,Action,Mystery,Thriller,75
Sunshine,2007,7.2,64,Danny Boyle,Cillian Murphy,Rose Byrne,Chris Evans,107 min,Sci-Fi,Thriller,none,68
Pirates of the Caribbean: Dead Man's Chest,2006,7.3,53,Gore Verbinski,Johnny Depp,Orlando Bloom,Keira Knightley,151 min,Action,Adventure,Fantasy,63
The Dirty Dozen,1967,7.7,73,Robert Aldrich,Lee Marvin,Ernest Borgnine,Charles Bronson,150 min,Action,Adventure,War,75
Sleepers,1996,7.6,49,Barry Levinson,Robert De Niro,Kevin Bacon,Brad Pitt,147 min,Crime,Drama,Thriller,62
Shrek,2001,7.8,84,Andrew Adamson,Vicky Jenson,Mike Myers,Eddie Murphy,90 min,Animation,Adventure,Comedy,81
Edward Scissorhands,1990,7.9,74,Tim Burton,Johnny Depp,Winona Ryder,Dianne Wiest,105 min,Drama,Fantasy,Romance,76
The Birds,1963,7.7,90,Alfred Hitchcock,Rod Taylor,Tippi Hedren,Jessica Tandy,119 min,Drama,Horror,Mystery,83
Ghostbusters,1984,7.8,71,Ivan Reitman,Bill Murray,Dan Aykroyd,Sigourney Weaver,105 min,Action,Comedy,Fantasy,74
Midnight Run,1988,7.5,78,Martin Brest,Robert De Niro,Charles Grodin,Yaphet Kotto,126 min,Action,Comedy,Crime,76
Good Morning- Vietnam,1987,7.3,67,Barry Levinson,Robin Williams,Forest Whitaker,Tom. T. Tran,121 min,Biography,Comedy,Drama,70
Match Point,2005,7.6,72,Woody Allen,Scarlett Johansson,Jonathan Rhys Meyers,Emily Mortimer,124 min,Drama,Romance,Thriller,74
Un long dimanche de fiançailles,2004,7.6,76,Jean-Pierre Jeunet,Audrey Tautou,Gaspard Ulliel,Jodie Foster,133 min,Drama,Mystery,Romance,76
Ice Age,2002,7.5,60,Chris Wedge,Carlos Saldanha,Denis Leary,John Leguizamo,81 min,Animation,Adventure,Comedy,67
El secreto de sus ojos,2009,8.2,80,Juan José Campanella,Ricardo Darín,Soledad Villamil,Pablo Rago,129 min,Drama,Mystery,Romance,81
Girl- Interrupted,1999,7.3,51,James Mangold,Winona Ryder,Angelina Jolie,Clea DuVall,127 min,Biography,Drama,none,62
Gravity,2013,7.7,96,Alfonso Cuarón,Sandra Bullock,George Clooney,Ed Harris,91 min,Drama,Sci-Fi,Thriller,86
Titanic,1997,7.8,75,James Cameron,Leonardo DiCaprio,Kate Winslet,Billy Zane,194 min,Drama,Romance,none,76
Easy Rider,1969,7.3,85,Dennis Hopper,Peter Fonda,Dennis Hopper,Jack Nicholson,95 min,Adventure,Drama,none,79
Garden State,2004,7.4,67,Zach Braff,Zach Braff,Peter Sarsgaard,Natalie Portman,102 min,Comedy,Drama,Romance,70
They Live,1988,7.3,55,John Carpenter,Roddy Piper,Keith David,Meg Foster,94 min,Action,Horror,Sci-Fi,64
Fear and Loathing in Las Vegas,1998,7.6,41,Terry Gilliam,Johnny Depp,Benicio Del Toro,Tobey Maguire,118 min,Adventure,Comedy,Drama,58
The Evil Dead,1981,7.5,71,Sam Raimi,Bruce Campbell,Ellen Sandweiss,Richard DeManincor,85 min,Horror,none,none,73
X-Men: Days of Future Past,2014,7.9,75,Bryan Singer,Patrick Stewart,Ian McKellen,Hugh Jackman,132 min,Action,Adventure,Sci-Fi,77
The Intouchables,2011,8.5,57,Olivier Nakache,Éric Toledano,François Cluzet,Omar Sy,112 min,Biography,Comedy,Drama,71
Dead Calm,1989,6.8,70,Phillip Noyce,Nicole Kidman,Sam Neill,Billy Zane,96 min,Horror,Thriller,none,69
Witness,1985,7.4,76,Peter Weir,Harrison Ford,Kelly McGillis,Lukas Haas,112 min,Crime,Drama,Romance,75
Duel,1971,7.6,76,Steven Spielberg,Dennis Weaver,Jacqueline Scott,Eddie Firestone,90 min,Action,Thriller,none,76
Speed,1994,7.2,78,Jan de Bont,Keanu Reeves,Dennis Hopper,Sandra Bullock,116 min,Action,Adventure,Thriller,75
Born on the Fourth of July,1989,7.2,75,Oliver Stone,Tom Cruise,Bryan Larkin,Raymond J. Barry,145 min,Biography,Drama,War,73
Falling Down,1993,7.6,56,Joel Schumacher,Michael Douglas,Robert Duvall,Barbara Hershey,113 min,Action,Crime,Drama,66
Chicago,2002,7.1,81,Rob Marshall,Renée Zellweger,Catherine Zeta-Jones,Richard Gere,113 min,Comedy,Crime,Musical,76
The Mechanic,2011,6.6,49,Simon West,Jason Statham,Ben Foster,Donald Sutherland,93 min,Action,Crime,Thriller,57
The Illusionist,2006,7.6,68,Neil Burger,Edward Norton,Jessica Biel,Paul Giamatti,110 min,Drama,Fantasy,History,72
Ed Wood,1994,7.8,70,Tim Burton,Johnny Depp,Martin Landau,Sarah Jessica Parker,127 min,Biography,Comedy,Drama,74
The Game,1997,7.8,61,David Fincher,Michael Douglas,Deborah Kara Unger,Sean Penn,129 min,Action,Drama,Mystery,69
Frequency,2000,7.3,67,Gregory Hoblit,Dennis Quaid,Jim Caviezel,Shawn Doyle,118 min,Crime,Drama,Mystery,70
Unbreakable,2000,7.3,62,M. Night Shyamalan,Bruce Willis,Samuel L. Jackson,Robin Wright,106 min,Drama,Mystery,Sci-Fi,67
American Gangster,2007,7.8,76,Ridley Scott,Denzel Washington,Russell Crowe,Chiwetel Ejiofor,157 min,Biography,Crime,Drama,77
The Innocents,1961,7.8,88,Jack Clayton,Deborah Kerr,Peter Wyngarde,Megs Jenkins,100 min,Horror,none,none,83
Broken Flowers,2005,7.2,79,Jim Jarmusch,Bill Murray,Jessica Lange,Sharon Stone,106 min,Comedy,Drama,Mystery,75
Ne le dis à personne,2006,7.5,82,Guillaume Canet,François Cluzet,Marie-Josée Croze,André Dussollier,131 min,Crime,Drama,Mystery,78
Despicable Me,2010,7.6,72,Pierre Coffin,Chris Renaud,Steve Carell,Jason Segel,95 min,Animation,Comedy,Family,74
The Hurt Locker,2008,7.6,95,Kathryn Bigelow,Jeremy Renner,Anthony Mackie,Brian Geraghty,131 min,Drama,Thriller,War,85
The Royal Tenenbaums,2001,7.6,76,Wes Anderson,Gene Hackman,Gwyneth Paltrow,Anjelica Huston,110 min,Comedy,Drama,none,76
Airplane!,1980,7.7,78,Jim Abrahams,David Zucker,Jerry Zucker,Robert Hays,88 min,Comedy,none,none,77
Mrs. Doubtfire,1993,7,53,Chris Columbus,Robin Williams,Sally Field,Pierce Brosnan,125 min,Comedy,Drama,Family,61
Tootsie,1982,7.4,88,Sydney Pollack,Dustin Hoffman,Jessica Lange,Teri Garr,116 min,Comedy,Drama,Romance,81
The Pledge,2001,6.8,71,Sean Penn,Jack Nicholson,Benicio Del Toro,Patricia Clarkson,124 min,Crime,Drama,Mystery,69
Metallica Through the Never,2013,7.2,61,Nimród Antal,Dane DeHaan,James Hetfield,Lars Ulrich,93 min,Music,none,none,66
Los amantes pasajeros,2013,5.6,55,Pedro Almodóvar,Javier Cámara,Pepa Charro,Cecilia Roth,90 min,Comedy,none,none,55
Imagine Me & You,2005,6.8,49,Ol Parker,Piper Perabo,Lena Headey,Matthew Goode,90 min,Comedy,Drama,Romance,58
The Texas Chain Saw Massacre,1974,7.5,78,Tobe Hooper,Marilyn Burns,Edwin Neal,Allen Danziger,83 min,Horror,none,none,76
The Island,2005,6.8,50,Michael Bay,Scarlett Johansson,Ewan McGregor,Djimon Hounsou,136 min,Action,Sci-Fi,Thriller,59
Trance,2013,6.9,61,Danny Boyle,James McAvoy,Rosario Dawson,Vincent Cassel,101 min,Crime,Drama,Mystery,65
Drive,2011,7.8,78,Nicolas Winding Refn,Ryan Gosling,Carey Mulligan,Bryan Cranston,100 min,Crime,Drama,none,78
American Psycho,2000,7.6,64,Mary Harron,Christian Bale,Justin Theroux,Josh Lucas,101 min,Comedy,Crime,Drama,70
Pirates of the Caribbean: At World's End,2007,7.1,50,Gore Verbinski,Johnny Depp,Orlando Bloom,Keira Knightley,169 min,Action,Adventure,Fantasy,60
Pour elle,2008,7.1,71,Fred Cavayé,Vincent Lindon,Diane Kruger,Lancelot Roch,96 min,Crime,Drama,Thriller,71
A Single Man,2009,7.6,77,Tom Ford,Colin Firth,Julianne Moore,Matthew Goode,99 min,Drama,Romance,none,76
Spectre,2015,6.8,60,Sam Mendes,Daniel Craig,Christoph Waltz,Léa Seydoux,148 min,Action,Adventure,Thriller,64
Oblivion,2013,7,54,Joseph Kosinski,Tom Cruise,Morgan Freeman,Andrea Riseborough,124 min,Action,Adventure,Sci-Fi,62
Road to Perdition,2002,7.7,72,Sam Mendes,Tom Hanks,Tyler Hoechlin,Rob Maxey,117 min,Crime,Drama,Thriller,74
Cast Away,2000,7.8,73,Robert Zemeckis,Tom Hanks,Helen Hunt,Paul Sanchez,143 min,Adventure,Drama,Romance,75
Face/Off,1997,7.3,82,John Woo,John Travolta,Nicolas Cage,Joan Allen,138 min,Action,Crime,Sci-Fi,77
Basic Instinct,1992,7,41,Paul Verhoeven,Michael Douglas,Sharon Stone,George Dzundza,127 min,Drama,Mystery,Thriller,55
Joy Ride,2001,6.6,75,John Dahl,Steve Zahn,Paul Walker,Leelee Sobieski,97 min,Action,Mystery,Thriller,70
Sweeney Todd: The Demon Barber of Fleet Street,2007,7.3,83,Tim Burton,Johnny Depp,Helena Bonham Carter,Alan Rickman,116 min,Drama,Horror,Musical,78
Die Hard: With a Vengeance,1995,7.6,58,John McTiernan,Bruce Willis,Jeremy Irons,Samuel L. Jackson,128 min,Action,Adventure,Thriller,67
Zombieland,2009,7.6,73,Ruben Fleischer,Jesse Eisenberg,Emma Stone,Woody Harrelson,88 min,Adventure,Comedy,Fantasy,74
Erin Brockovich,2000,7.3,73,Steven Soderbergh,Julia Roberts,Albert Finney,David Brisbin,131 min,Biography,Drama,none,73
Lucky Number Slevin,2006,7.7,53,Paul McGuigan,Josh Hartnett,Ben Kingsley,Morgan Freeman,110 min,Crime,Drama,Mystery,65
The Bourne Ultimatum,2007,8,85,Paul Greengrass,Matt Damon,Edgar Ramírez,Joan Allen,115 min,Action,Mystery,Thriller,82
Boogie Nights,1997,7.9,85,Paul Thomas Anderson,Mark Wahlberg,Julianne Moore,Burt Reynolds,155 min,Drama,none,none,82
13 Tzameti,2005,7.4,61,Géla Babluani,George Babluani,Aurélien Recoing,Pascal Bongard,93 min,Crime,Drama,Horror,67
Cliffhanger,1993,6.4,60,Renny Harlin,Sylvester Stallone,John Lithgow,Michael Rooker,113 min,Action,Adventure,Thriller,62
Phone Booth,2002,7,56,Joel Schumacher,Colin Farrell,Kiefer Sutherland,Forest Whitaker,81 min,Crime,Thriller,none,63
Miami Vice,2006,6,65,Michael Mann,Colin Farrell,Jamie Foxx,Li Gong,132 min,Action,Crime,Thriller,62
Hard Candy,2005,7.1,58,David Slade,Patrick Wilson,Ellen Page,Sandra Oh,104 min,Drama,Thriller,none,64
Iron Sky,2012,5.9,59,Timo Vuorensola,Julia Dietze,Christopher Kirby,Götz Otto,93 min,Action,Adventure,Comedy,59
What Lies Beneath,2000,6.6,51,Robert Zemeckis,Harrison Ford,Michelle Pfeiffer,Katharine Towne,130 min,Drama,Fantasy,Horror,58
Gangs of New York,2002,7.5,72,Martin Scorsese,Leonardo DiCaprio,Cameron Diaz,Daniel Day-Lewis,167 min,Crime,Drama,none,73
Any Given Sunday,1999,6.9,52,Oliver Stone,Al Pacino,Dennis Quaid,Cameron Diaz,162 min,Drama,Sport,none,60
The Accused,1988,7.1,65,Jonathan Kaplan,Kelly McGillis,Jodie Foster,Bernie Coulson,111 min,Crime,Drama,none,68
Das Experiment,2001,7.7,60,Oliver Hirschbiegel,Moritz Bleibtreu,Christian Berkel,Oliver Stokowski,120 min,Drama,Thriller,none,68
Insidious,2010,6.8,52,James Wan,Patrick Wilson,Rose Byrne,Ty Simpkins,103 min,Horror,Mystery,Thriller,60
Saw,2004,7.6,46,James Wan,Cary Elwes,Leigh Whannell,Danny Glover,103 min,Horror,Mystery,none,61
Snatch,2000,8.3,55,Guy Ritchie,Jason Statham,Brad Pitt,Benicio Del Toro,104 min,Comedy,Crime,none,69
Nebraska,2013,7.7,87,Alexander Payne,Bruce Dern,Will Forte,June Squibb,115 min,Adventure,Comedy,Drama,82
Maria Full of Grace,2004,7.4,87,Joshua Marston,Catalina Sandino Moreno,Guilied Lopez,Orlando Tobón,101 min,Crime,Drama,none,80
The Social Network,2010,7.7,95,David Fincher,Jesse Eisenberg,Andrew Garfield,Justin Timberlake,120 min,Biography,Drama,none,86
Spider-Man 2,2004,7.3,83,Sam Raimi,Tobey Maguire,Kirsten Dunst,Alfred Molina,127 min,Action,Adventure,Sci-Fi,78
Marie-Jo et ses 2 amours,2002,6.6,66,Robert Guédiguian,Ariane Ascaride,Jean-Pierre Darroussin,Gérard Meylan,124 min,Drama,Romance,none,66
Memoirs of a Geisha,2005,7.4,54,Rob Marshall,Ziyi Zhang,Ken Watanabe,Michelle Yeoh,145 min,Drama,Romance,none,64
Hellboy,2004,6.8,72,Guillermo del Toro,Ron Perlman,Doug Jones,Selma Blair,122 min,Action,Fantasy,Horror,70
Scream,1996,7.2,65,Wes Craven,Neve Campbell,Courteney Cox,David Arquette,111 min,Horror,Mystery,none,68
X-Men,2000,7.4,64,Bryan Singer,Patrick Stewart,Hugh Jackman,Ian McKellen,104 min,Action,Adventure,Sci-Fi,69
The Score,2001,6.8,71,Frank Oz,Robert De Niro,Edward Norton,Marlon Brando,124 min,Action,Crime,Drama,69
Man on Fire,2004,7.7,47,Tony Scott,Denzel Washington,Christopher Walken,Dakota Fanning,146 min,Action,Crime,Drama,62
The Amazing Spider-Man,2012,6.9,66,Marc Webb,Andrew Garfield,Emma Stone,Rhys Ifans,136 min,Action,Adventure,Sci-Fi,67
Mysterious Skin,2004,7.6,73,Gregg Araki,Brady Corbet,Joseph Gordon-Levitt,Elisabeth Shue,105 min,Drama,none,none,74
The Hangover,2009,7.7,73,Todd Phillips,Zach Galifianakis,Bradley Cooper,Justin Bartha,100 min,Comedy,none,none,75
Valkyrie,2008,7.1,56,Bryan Singer,Tom Cruise,Bill Nighy,Carice van Houten,121 min,Drama,History,Thriller,63
Beverly Hills Cop,1984,7.3,66,Martin Brest,Eddie Murphy,Judge Reinhold,John Ashton,105 min,Action,Comedy,Crime,69
Vera Drake,2004,7.6,83,Mike Leigh,Imelda Staunton,Jim Broadbent,Heather Craney,125 min,Crime,Drama,none,79
Session 9,2001,6.4,58,Brad Anderson,David Caruso,Stephen Gevedon,Paul Guilfoyle,100 min,Horror,Mystery,none,61
The Conjuring,2013,7.5,68,James Wan,Patrick Wilson,Vera Farmiga,Ron Livingston,112 min,Horror,Mystery,Thriller,71
As Above- So Below,2014,6.2,38,John Erick Dowdle,Perdita Weeks,Ben Feldman,Edwin Hodge,93 min,Horror,Mystery,Thriller,50
Mission: Impossible - Rogue Nation,2015,7.4,75,Christopher McQuarrie,Tom Cruise,Rebecca Ferguson,Jeremy Renner,131 min,Action,Adventure,Thriller,74
The Hours,2002,7.5,80,Stephen Daldry,Meryl Streep,Nicole Kidman,Julianne Moore,110 min,Drama,Romance,none,77
Breakdown,1997,6.9,73,Jonathan Mostow,Kurt Russell,J.T. Walsh,Kathleen Quinlan,93 min,Crime,Drama,Mystery,71
Godzilla,2014,6.4,62,Gareth Edwards,Aaron Taylor-Johnson,Elizabeth Olsen,Bryan Cranston,123 min,Action,Adventure,Sci-Fi,63
Deja Vu,2006,7,59,Tony Scott,Denzel Washington,Paula Patton,Jim Caviezel,126 min,Action,Crime,Sci-Fi,64
When Harry Met Sally...,1989,7.6,76,Rob Reiner,Billy Crystal,Meg Ryan,Carrie Fisher,95 min,Comedy,Drama,Romance,76
The Good Shepherd,2006,6.7,61,Robert De Niro,Matt Damon,Angelina Jolie,Robert De Niro,167 min,Drama,History,Thriller,64
Sherlock Holmes,2009,7.6,57,Guy Ritchie,Robert Downey Jr.,Jude Law,Rachel McAdams,128 min,Action,Adventure,Mystery,66
Captain Phillips,2013,7.8,82,Paul Greengrass,Tom Hanks,Barkhad Abdi,Barkhad Abdirahman,134 min,Adventure,Biography,Crime,80
I Am Legend,2007,7.2,65,Francis Lawrence,Will Smith,Alice Braga,Charlie Tahan,101 min,Action,Adventure,Drama,68
Last Action Hero,1993,6.4,44,John McTiernan,Arnold Schwarzenegger,F. Murray Abraham,Art Carney,130 min,Action,Adventure,Comedy,54
Get Carter,1971,7.4,74,Mike Hodges,Michael Caine,Ian Hendry,Britt Ekland,112 min,Action,Crime,Thriller,74
The Artist,2011,7.9,89,Michel Hazanavicius,Jean Dujardin,Bérénice Bejo,John Goodman,100 min,Comedy,Drama,Romance,84
Fracture,2007,7.2,68,Gregory Hoblit,Anthony Hopkins,Ryan Gosling,David Strathairn,113 min,Crime,Drama,Thriller,70
Sinister,2012,6.8,53,Scott Derrickson,Ethan Hawke,Juliet Rylance,James Ransone,110 min,Horror,Mystery,Thriller,60
King Kong,2005,7.2,81,Peter Jackson,Naomi Watts,Jack Black,Adrien Brody,187 min,Action,Adventure,Drama,76
Mission: Impossible,1996,7.1,59,Brian De Palma,Tom Cruise,Jon Voight,Emmanuelle Béart,110 min,Action,Adventure,Thriller,65
A Walk Among the Tombstones,2014,6.5,57,Scott Frank,Liam Neeson,Dan Stevens,David Harbour,114 min,Action,Crime,Drama,61
Escape Plan,2013,6.7,49,Mikael Håfström,Sylvester Stallone,Arnold Schwarzenegger,50 Cent,115 min,Action,Thriller,none,58
Eat Pray Love,2010,5.8,50,Ryan Murphy,Julia Roberts,Javier Bardem,Richard Jenkins,133 min,Biography,Drama,Romance,54
Fatal Attraction,1987,6.9,67,Adrian Lyne,Michael Douglas,Glenn Close,Anne Archer,119 min,Drama,Thriller,none,68
Alceste à bicyclette,2013,6.6,61,Philippe Le Guay,Fabrice Luchini,Lambert Wilson,Maya Sansa,104 min,Comedy,Drama,none,63
Tinker Tailor Soldier Spy,2011,7,85,Tomas Alfredson,Gary Oldman,Colin Firth,Tom Hardy,122 min,Drama,Mystery,Thriller,77
Mission: Impossible - Ghost Protocol,2011,7.4,73,Brad Bird,Tom Cruise,Jeremy Renner,Simon Pegg,132 min,Action,Adventure,Thriller,73
Sleeping with the Enemy,1991,6.3,48,Joseph Ruben,Julia Roberts,Patrick Bergin,Kevin Anderson,99 min,Drama,Thriller,none,55
Salt,2010,6.4,65,Phillip Noyce,Angelina Jolie,Liev Schreiber,Chiwetel Ejiofor,100 min,Action,Thriller,none,64
Non-Stop,2014,6.9,56,Jaume Collet-Serra,Liam Neeson,Julianne Moore,Scoot McNairy,106 min,Action,Mystery,Thriller,62
Taken 2,2012,6.3,45,Olivier Megaton,Liam Neeson,Famke Janssen,Maggie Grace,92 min,Action,Thriller,none,54
Pirates of the Caribbean: On Stranger Tides,2011,6.6,45,Rob Marshall,Johnny Depp,Penélope Cruz,Ian McShane,137 min,Action,Adventure,Fantasy,55
The Spy Who Loved Me,1977,7.1,55,Lewis Gilbert,Roger Moore,Barbara Bach,Curd Jürgens,125 min,Action,Adventure,Thriller,63
From Russia with Love,1963,7.4,84,Terence Young,Sean Connery,Robert Shaw,Lotte Lenya,115 min,Action,Adventure,Thriller,79
Cube,1997,7.2,61,Vincenzo Natali,Nicole de Boer,Maurice Dean Wint,David Hewlett,90 min,Drama,Mystery,Sci-Fi,66
Home Alone,1990,7.6,63,Chris Columbus,Macaulay Culkin,Joe Pesci,Daniel Stern,103 min,Comedy,Family,none,69
Diamonds Are Forever,1971,6.6,59,Guy Hamilton,Sean Connery,Jill St. John,Charles Gray,120 min,Action,Adventure,Thriller,62
The Hand That Rocks the Cradle,1992,6.6,64,Curtis Hanson,Annabella Sciorra,Rebecca De Mornay,Matt McCoy,110 min,Drama,Thriller,none,65
Prometheus,2012,7,64,Ridley Scott,Noomi Rapace,Logan Marshall-Green,Michael Fassbender,124 min,Adventure,Mystery,Sci-Fi,67
Lethal Weapon 2,1989,7.2,70,Richard Donner,Mel Gibson,Danny Glover,Joe Pesci,114 min,Action,Crime,Thriller,71
Die Hard 2,1990,7.2,67,Renny Harlin,Bruce Willis,William Atherton,Bonnie Bedelia,124 min,Action,Thriller,none,69
The Crazies,2010,6.5,56,Breck Eisner,Radha Mitchell,Timothy Olyphant,Danielle Panabaker,101 min,Horror,Thriller,none,60
Exam,2009,6.8,68,Stuart Hazeldine,Adar Beck,Gemma Chan,Nathalie Cox,101 min,Mystery,Thriller,none,68
Closer,2004,7.2,65,Mike Nichols,Natalie Portman,Jude Law,Clive Owen,104 min,Drama,Romance,none,68
Tillsammans,2000,7.4,84,Lukas Moodysson,Lisa Lindgren,Michael Nyqvist,Emma Samuelsson,106 min,Comedy,Drama,Romance,79
Mamma Mia!,2008,6.4,51,Phyllida Lloyd,Meryl Streep,Pierce Brosnan,Amanda Seyfried,108 min,Comedy,Musical,Romance,57
300,2006,7.6,52,Zack Snyder,Gerard Butler,Lena Headey,David Wenham,117 min,Action,Drama,none,64
Haute tension,2003,6.8,42,Alexandre Aja,Cécile de France,Maïwenn,Philippe Nahon,91 min,Horror,none,none,55
Final Destination,2000,6.7,36,James Wong,Devon Sawa,Ali Larter,Kerr Smith,98 min,Horror,Thriller,none,51
I Know What You Did Last Summer,1997,5.7,52,Jim Gillespie,Jennifer Love Hewitt,Sarah Michelle Gellar,Anne Heche,101 min,Horror,Mystery,none,54
Me- Myself & Irene,2000,6.6,49,Bobby Farrelly,Peter Farrelly,Jim Carrey,Renée Zellweger,116 min,Comedy,none,none,57
The Darjeeling Limited,2007,7.2,67,Wes Anderson,Owen Wilson,Adrien Brody,Jason Schwartzman,91 min,Adventure,Comedy,Drama,69
Fear,1996,6.3,51,James Foley,Mark Wahlberg,Reese Witherspoon,William Petersen,97 min,Drama,Thriller,none,57
Planet Terror,2007,7.1,71,Robert Rodriguez,Rose McGowan,Freddy Rodríguez,Josh Brolin,105 min,Action,Adventure,Comedy,71
The Descent,2005,7.2,71,Neil Marshall,Shauna Macdonald,Natalie Mendoza,Alex Reid,99 min,Adventure,Horror,Thriller,71
